{
	"params":["k", "distance", "kernel"],
	"parents":["k", "distance", "kernel"],
	"k":
	{
		"type":"continuous",
		"scale":"int",
		"minVal":"1",
		"maxVal":"30",
		"default":"1",
		"constraint":"any",
		"requires":
		{
		}
	},
	"distance":
	{
		"type":"continuous",
		"scale":"int",
		"minVal":"1",
		"maxVal":"4",
		"default":"2",
		"constraint":"any",
		"requires":
		{
		}
	},
	"kernel":
	{
		"type":"discrete",
		"values":["rectangular", "triangular", "epanechnikov", "biweight", "triweight", "cos", "inv", "gaussian", "rank", "optimal"],
		"default":"optimal",
		"requires":
		{
		}
	}
}
