{
	"params":["kernel", "degree", "gamma", "cost", "tolerance"],
    "parents":["kernel", "degree", "gamma", "cost", "tolerance"],
	"kernel":
	{
		"type":"discrete",
		"values":["linear", "radial", "polynomial", "sigmoid"],
		"default":"linear"
	},
	"gamma":
	{
		"default":"-4",
		"type":"continuous",
		"minVal":"-10",
		"maxVal":"5",
		"scale":"exp"
	},
	"degree":
	{
		"default":"3",
		"type":"continuous",
		"minVal":"2",
		"maxVal":"5",
		"scale":"int"
	},
	"cost":
	{
		"default":"-2",
		"type":"continuous",
		"minVal":"-6",
		"maxVal":"12",
		"scale":"exp"
	},
	"tolerance":
	{
		"default":"-3",
		"type":"continuous",
		"minVal":"-1",
		"maxVal":"-6",
		"scale":"exp"
	}
}
