{
	"params":["eta", "max_depth", "min_child_weight", "gamma", "colsample_bytree", "nrounds", "verbose"],
	"parents":["eta", "max_depth", "min_child_weight", "gamma", "colsample_bytree", "nrounds", "verbose"],
	"verbose":
	{
	  "type":"continuous",
	  "scale":"int",
	  "minVal":"0",
	  "maxVal":"0",
	  "default":"0"
	},
	"nrounds":
	{
	  "type":"continuous",
	  "scale":"int",
	  "minVal":"1",
	  "maxVal":"5",
	  "default":"1"
	},
	"eta":
	{
		"type":"continuous",
		"scale":"exp",
		"minVal":"-7",
		"maxVal":"-1",
		"default":"-3"
	},
	"max_depth":
	{
		"type":"continuous",
		"scale":"int",
		"minVal":"1",
		"maxVal":"12",
		"default":"6"
	},
	"min_child_weight":
	{
		"type":"continuous",
		"scale":"int",
		"minVal":"1",
		"maxVal":"10",
		"default":"1"
	},
	"gamma":
	{
		"type":"continuous",
		"scale":"double",
		"minVal":"0",
		"maxVal":"1",
		"default":"0"
	},
	"colsample_bytree":
	{
		"type":"continuous",
		"scale":"double",
		"minVal":"0.3",
		"maxVal":"1",
		"default":"0.5"
	}
}
